resource;name;identifier;description;level;range;hurt_ally;school
ja#1;Acidic Enzymes;null;null;1;null;false;Unknown
Ja#79_1;Fly;null;null;1;null;false;null
Ja#79_2;Regenerate;null;null;1;null;false;null
Ja#79_3;Ogre-Mage Cone of Cold;null;null;5;30;false;Invoker
Ja#79_4;Assume gaseous form;null;null;1;null;false;null
Ja#79_5;Ogre-Mage Shapeshifts Natural Form;null;null;1;null;false;null
Ja#79_6;Ogre-Mage Invisibility;null;null;1;null;false;null
Ja#79_7;Ogre-Mage Dire Charm;null;null;3;null;false;Enchanter
Ja#79_8;Darkness 10-foot radius;null;null;1;null;false;null
Ja#79_9;Ogre-Mage Sleep;null;null;1;30;false;Enchanter
Ja#79_10;Ogre-Mage Blindness;null;null;1;null;false;Necromancer
Ja#80;Ogre Barbarian Rage;null;null;1;null;false;null
JA#136;Hell Hound Flame Breath;null;null;1;null;false;Unknown
JA#175;Horrific Appearance;null;null;1;null;false;Conjurer
JA#2;Foul Breath;null;null;0;null;false;Unknown
JA#22;Battle Horror Magic Missile;null;null;1;null;false;Invoker
JA#24_1;Demon Knight Fear;null;null;1;null;false;Unknown
JA#24_2;Wall of Ice;null;null;4;30;false;Invoker
JA#24_3;Death Knight Spell Turning;null;null;7;null;false;Abjurer
JA#263;Intense Cold;null;null;1;null;false;Unknown
JA#3;Petrification;null;null;0;null;false;Unknown
JA#34;Dryad Charm;null;null;3;null;false;Enchanter
JA#46;Air Elemental Whirlwind;null;null;0;null;false;Unknown
JA#57;Carrion Stench;null;null;0;null;false;Unknown
SPIN977;Golem Slow;GOLEM_SLOW;null;1;null;false;Unknown
JA#58;Reek of Evil;null;null;0;null;false;Unknown
SPCL121;Called Shot;ARCHER_CALL_SHOT;null;1;null;false;Unknown
SPCL144;Kai;KENSAI_KIA;null;1;null;false;Unknown
SPCL152;Barbarian Rage;BARBARIAN_RAGE;null;1;null;false;Unknown
SPCL211;Lay On Hands;PALADIN_LAY_ON_HANDS;null;1;null;false;Necromancer
SPCL213;Protection From Evil;null;null;1;null;false;Abjurer
SPCL221;null;null;null;1;null;false;Unknown
SPCL222;Remove Fear;null;null;1;null;false;Abjurer
SPCL231;Dispel Magic;INQUIS_DISPEL_MAGIC;null;1;null;false;Abjurer
SPCL232;True Sight;INQUIS_TRUE_SIGHT;null;1;null;false;Diviner
SPCL233B;null;null;null;1;null;false;Unknown
SPCL242;null;null;null;1;null;false;Unknown
SPCL311;Ranger Charm Animal;RANGER_CHARM_ANIMAL;null;1;null;false;Enchanter
SPCL321;Enrage;BERSERKER_RAGE;null;1;null;false;Unknown
SPCL423;Poison Weapon;ASSASSIN_POISON;null;1;null;false;Unknown
SPCL521;Offensive Spin;null;null;1;null;false;Unknown
SPCL522;Defensive Spin;null;null;1;null;false;Unknown
SPCL611;Shapeshifts Brown Bear;null;null;1;null;false;Unknown
SPCL612;Shapeshifts Wolf;null;null;1;null;false;Unknown
SPCL613;Shapeshifts Black Bear;null;null;1;null;false;Unknown
SPCL621;Summon Spirit Animal;null;null;1;null;false;Conjurer
SPCL632;Shapeshifts Spider;null;null;1;null;false;Unknown
SPCL633;Shapeshifts Baby Wyvern;null;null;1;null;false;Unknown
SPCL634;Shapeshifts Fire Salamander;null;null;1;null;false;Unknown
SPCL641;Charm Person or Mammal;null;null;2;null;false;Unknown
SPCL643;Shapeshifts Werewolf;null;null;1;null;false;Unknown
SPCL644;Shapeshifts Greater Werewolf;null;null;1;null;false;Unknown
SPCL721;Storm Shield;null;null;1;null;false;Abjurer
SPCL722;Lightning Bolt;null;null;1;null;true;Invoker
SPCL731;Seeking Sword;null;null;1;null;false;Invoker
SPCL732;True Sight;null;null;1;null;false;Diviner
SPCL741;Boon of Lathander;null;null;1;null;false;Conjurer
SPCL742;Hold Undead;null;null;1;null;false;Necromancer
SPCL811;Stunning Blow;MONK_STUNNING_BLOW;null;1;null;false;Unknown
SPCL814;null;null;null;1;null;false;Unknown
SPCL815;Lay On Hands;MONK_LAY_ON_HANDS;null;1;null;false;Necromancer
SPCL817;null;null;null;1;null;false;Unknown
SPCL818;null;null;null;1;null;false;Unknown
SPCL820;Quivering Palm;MONK_QUIVERING_PALM;null;1;null;false;Unknown
SPCL821;null;null;null;1;null;false;Unknown
SPCL900;Whirlwind Attack;WARRIOR_WHIRLWIND;null;1;null;false;Unknown
SPCL901;Greater Whirlwind Attack;WARRIOR_GREATER_WHIRLWIND;null;1;null;false;Unknown
SPCL902;Deathblow;WARRIOR_DEATHBLOW;null;1;null;false;Unknown
SPCL903;Greater Deathblow;WARRIOR_GREATER_DEATHBLOW;null;1;null;false;Unknown
SPCL904;Resist Magic;WARRIOR_RESIST_MAGIC;null;1;null;false;Transmuter
SPCL905;Critical Strike;WARRIOR_CRITICAL_STRIKE;null;1;null;false;Unknown
SPCL906;Power Attack;WARRIOR_POWER_ATTACK;null;1;null;false;Unknown
SPCL907;Hardiness;WARRIOR_HARDINESS;null;1;null;false;Transmuter
SPCL908;War Cry;WARRIOR_WAR_CRY;null;1;null;false;Unknown
SPCL909;Smite;WARRIOR_SMITE;null;1;null;false;Unknown
SPCL913;Evasion;ROGUE_EVASION;null;1;null;false;Transmuter
SPCL914;Greater Evasion;ROGUE_GREATER_EVASION;null;1;null;false;Transmuter
SPCL916;Assassination;ROGUE_ASSASINATION;null;1;null;false;Transmuter
SPCL917;Avoid Death;ROGUE_AVOID_DEATH;null;1;null;false;Transmuter
SPCL923;Summon Deva;PALADIN_SUMMON_DEVA;null;1;null;false;Conjurer
SPIN160;Breathe Fireball;SALAMANDER_BREATHE_FIREBALL;null;1;null;false;Unknown
SPIN571;Energy Drain;SUCCUBUS_KISS;null;0;null;false;Unknown
SPIN681;Wail of the Banshee;BANSHEE_WAIL;null;9;null;false;Necromancer
SPIN696;Moon Dog Sight;MOON_DOG_HOWL;null;1;null;false;Unknown
SPIN697;Moon Dog Haste;HASTE_SELF;null;1;null;false;Illusionist
SPIN698;Improved Invisibility;NON_DETECTION_SELF;null;1;null;false;Illusionist
SPIN699;Healing Lick;INVISIBILITY_SELF;null;1;null;false;Necromancer
SPIN701;FireBall;DEATHKNIGHT_FIREBALL;null;3;30;true;Invoker
SPIN704;Confusion;NYMPH_CONFUSION;null;7;null;false;Enchanter
SPIN890;Demon Fear;DEMON_FEAR;null;9;null;false;Unknown
SPIN891;Moon Dog Howl;MOON_DOG_FEAR;null;1;null;false;Unknown
SPIN973;;AIR_ELEMENTAL_EFFECT;null;9;null;false;Unknown
SPIN996;Death Gaze;TANARI_DEATH_GAZE;null;8;null;false;Unknown
SPIN997;Vampiric Touch;TANARI_VAMPIRIC_TOUCH;null;8;null;false;Unknown
SPIN998;Tanari Silence 15' Radius;TANARI_SILENCE;null;8;null;false;Unknown
SPIN999;Paralyze;TANARI_PARALYZE;null;8;null;false;Unknown
SPPR101;Bless;CLERIC_BLESS;null;1;null;false;Enchanter
SPPR102;Command;CLERIC_COMMAND;null;1;null;false;Enchanter
SPPR103;Cure Light Wounds;CLERIC_CURE_LIGHT_WOUNDS;null;1;null;false;Necromancer
SPPR105;Entangle;CLERIC_ENTANGLE;null;1;null;false;Transmuter
SPPR107;Protection from Evil;CLERIC_PROTECT_FROM_EVIL;null;1;null;false;Abjurer
SPPR108;Resist Fear;CLERIC_REMOVE_FEAR;null;1;null;false;Abjurer
SPPR109;Sanctuary;CLERIC_SANCTUARY;null;1;null;false;Abjurer
SPPR110;Shillelagh;CLERIC_SHILLELAGH;null;1;null;false;Transmuter
SPPR111;Armor of Faith;CLERIC_ARMOR_OF_FAITH;null;1;null;false;Abjurer
SPPR113;Doom;CLERIC_DOOM;null;1;null;false;Enchanter
SPPR114;Faerie Fire;CLERIC_ANIMAL_FRIENDSHIP;null;1;null;false;Invoker
SPPR115;Strength of Stone;CLERIC_ENDURE_HEAT_COLD;null;1;null;false;Transmuter
SPPR116;Sunscorch;null;null;1;null;false;Invoker
SPPR201;Aid;CLERIC_AID;null;2;null;false;Necromancer
SPPR202;Barkskin;CLERIC_BARKSKIN;null;2;null;false;Transmuter
SPPR203;Chant;CLERIC_CHANT;null;2;null;false;Conjurer
SPPR204;Charm Person or Animal;CLERIC_CHARM_PERSON;null;2;null;false;Enchanter
SPPR206;Flame Blade;CLERIC_FLAME_BLADE;null;2;null;false;Invoker
SPPR207;Goodberry;CLERIC_GOOD_BERRIES;null;2;null;false;Transmuter
SPPR208;Hold Person;CLERIC_HOLD_PERSON;null;2;null;false;Enchanter
SPPR209;Know Opponent;CLERIC_KNOW_ALIGNMENT;null;2;null;false;Diviner
SPPR210;Resist Fire and Cold;CLERIC_RESIST_FIRE;null;2;null;false;Transmuter
SPPR211;Silence;CLERIC_SILENCE_15_FOOT;null;2;15;false;Transmuter
SPPR212;Slow Poison;CLERIC_SLOW_POISON;null;2;null;false;Necromancer
SPPR213;Spiritual Hammer;CLERIC_SPIRITUAL_HAMMER;null;2;null;false;Invoker
SPPR214;Draw upon Divine Might;CLERIC_DRAW_UPON_HOLY_MIGHT;null;2;null;false;Invoker
SPPR215;Cure Moderate Wounds;CLERIC_RESIST_COLD;null;2;null;false;Necromancer
SPPR216;Fire Trap;null;null;2;20;false;Abjurer
SPPR301;Animate Dead;CLERIC_ANIMATE_DEAD;null;3;null;false;Necromancer
SPPR302;Call Lightning;CLERIC_CALL_LIGHTNING;null;3;null;false;Transmuter
SPPR303;Dispel Magic;CLERIC_DISPEL_MAGIC;null;3;null;false;Abjurer
SPPR304;Glyph of Warding;CLERIC_GLYPH_OF_WARDING;null;3;20;false;Abjurer
SPPR305;Hold Person or Animal;CLERIC_HOLD_ANIMAL;null;3;null;false;Enchanter
SPPR309;Invisibility Purge;CLERIC_INVISIBILITY_PURGE;null;3;null;false;Abjurer
SPPR310;Miscast Magic;CLERIC_MISCAST_MAGIC;null;3;null;false;Enchanter
SPPR311;Contagion;CLERIC_RIGID_THINKING;null;3;null;false;Necromancer
SPPR312;Strength of One;CLERIC_STRENGTH_OF_ONE;null;3;null;false;Transmuter
SPPR313;Holy Smite;CLERIC_HOLY_SMITE;null;3;20;false;Necromancer
SPPR314;Unholy Blight;CLERIC_UNHOLY_BLIGHT;null;3;20;false;Necromancer
SPPR315;Cure Serious Wounds;CLERIC_CURE_MEDIUM_WOUNDS;null;3;null;false;Necromancer
SPPR318;Gust of Wind;CLERIC_ZONE_OF_SWEET_AIR;null;3;null;false;Abjurer
SPPR319;Summon Insects;CLERIC_SUMMON_INSECTS;null;3;null;false;Conjurer
SPPR320;Repulse Undead;null;null;3;null;false;Abjurer
SPPR321;Cause Serious Wounds;null;null;3;null;false;Necromancer
SPPR322;Storm Shield;null;null;3;null;false;Abjurer
SPPR401;Cure Critical Wounds;CLERIC_CURE_SERIOUS_WOUNDS;null;4;null;false;Necromancer
SPPR402;Animal Summoning I;CLERIC_ANIMAL_SUMMONING_1;null;4;null;false;Conjurer
SPPR403;Free Action;CLERIC_FREE_ACTION;null;4;null;false;Abjurer
SPPR404;Neutralize Poison;CLERIC_NEUTRALIZE_POISON;null;4;null;false;Necromancer
SPPR405;Mental Domination;CLERIC_MENTAL_DOMINATION;null;4;null;false;Enchanter
SPPR406;Defensive Harmony;CLERIC_DEFENSIVE_HARMONY;null;4;null;false;Enchanter
SPPR408;Magic Circle against Evil;CLERIC_PROTECTION_FROM_EVIL_10_FOOT;null;4;null;false;Abjurer
SPPR409;Death Ward;CLERIC_DEATH_WARD;null;4;null;false;Necromancer
SPPR410;Call Woodland Beings;CLERIC_CALL_WOODLAND_BEINGS;null;4;null;false;Conjurer
SPPR411;Poison;CLERIC_POISON;null;4;null;false;Necromancer
SPPR412;Divine Power;CLERIC_HOLY_POWER;null;4;null;false;Invoker
SPPR414;Cause Critical Wounds;CLERIC_CAUSE_SERIOUS_WOUNDS;null;4;null;false;Necromancer
SPPR416;Cloak of Fear;CLERIC_CLOAK_OF_FEAR;null;4;null;false;Conjurer
SPPR418;Ice Storm;null;null;4;30;true;Invoker
SPPR501;Animal Summoning II;CLERIC_ANIMAL_SUMMONING_2;null;5;null;false;Conjurer
SPPR502;Cure Mortal Wounds;CLERIC_CURE_CRITICAL_WOUNDS;null;5;null;false;Necromancer
SPPR503;Flame Strike;CLERIC_FLAME_STRIKE;null;5;5;false;Invoker
SPPR505;True Seeing;CLERIC_TRUE_SIGHT;null;5;null;false;Diviner
SPPR506;Ironskin;CLERIC_IRONSKIN;null;5;null;false;Transmuter
SPPR507;Champion Strength;CLERIC_CHAMPIONS_STRENGTH;null;5;null;false;Transmuter
SPPR508;Chaotic Commands;CLERIC_CHAOTIC_COMMANDS;null;5;null;false;Enchanter
SPPR509;Magic Resistance;CLERIC_MAGIC_RESISTANCE;null;5;null;false;Transmuter
SPPR511;Slay Living;CLERIC_SLAY_LIVING;null;5;null;false;Necromancer
SPPR512;Greater Command;CLERIC_GREATER_COMMAND;null;5;20;false;Enchanter
SPPR513;Righteous Fury;CLERIC_RIGHTEOUS_MAGIC;null;5;null;false;Transmuter
SPPR514;Mass Cure;CLERIC_MASS_CURE;null;5;null;false;Necromancer
SPPR516;Pixie Dust;CLERIC_PIXIE_DUST;null;5;null;false;Illusionist
SPPR517;Insect Plague;CLERIC_INSECT_PLAGUE;null;5;30;false;Conjurer
SPPR519;Polymorph Other;null;null;5;null;false;Transmuter
SPPR520;Protection from Acid;null;null;5;null;false;Abjurer
SPPR521;Protection from Cold;null;null;5;null;false;Abjurer
SPPR522;Protection from Electricity;null;null;5;null;false;Abjurer
SPPR523;Protection from Fire;null;null;5;null;false;Abjurer
SPPR601;Aerial Servant;CLERIC_AERIAL_SERVANT;null;6;null;false;Conjurer
SPPR602;Animal Summoning III;CLERIC_ANIMAL_SUMMONING_3;null;6;null;false;Conjurer
SPPR603;Blade Barrier;CLERIC_BLADE_BARRIER;null;6;null;false;Invoker
SPPR605;Conjure Fire Elemental;CLERIC_CONJURE_FIRE_ELEMENTAL;null;6;null;false;Conjurer
SPPR606;Fire Seeds;CLERIC_FIRE_SEEDS;null;6;null;false;Conjurer
SPPR607;Heal;CLERIC_HEAL;null;6;null;false;Necromancer
SPPR608;Harm;CLERIC_HARM;null;6;null;false;Necromancer
SPPR609;False Dawn;CLERIC_FALSE_DAWN;null;6;15;false;Invoker
SPPR610;Dolorous Decay;CLERIC_DOLOROUS_DECAY;null;6;null;false;Transmuter
SPPR612;Bolt of Glory;CLERIC_BOLT_OF_GLORY;null;6;null;false;Invoker
SPPR613;Physical Mirror;CLERIC_PHYSICAL_MIRROR;null;6;null;false;Transmuter
SPPR614;Sol's Searing Orb;CLERIC_SOL_SEARING_ORB;null;6;null;false;Invoker
SPPR620;Control Undead;null;null;6;null;false;Necromancer
SPPR621;Conjure Air Elemental;null;null;6;null;false;Conjurer
SPPR622;Conjure Earth Elemental;null;null;6;null;false;Conjurer
SPPR623;Create Undead;null;null;6;null;false;Necromancer
SPPR701;Shield of the Archons;CLERIC_SHIELD_OF_THE_ARCHONS;null;7;null;false;Abjurer
SPPR702;Summon Shambling Mound;CLERIC_CONJURE_EARTH_ELEMENTAL;null;7;null;false;Conjurer
SPPR703;Summon Death Knight;CLERIC_GATE;null;7;null;false;Necromancer
SPPR704;Nature's Beauty;CLERIC_NATURE_BEAUTY;null;7;30;false;Illusionist
SPPR705;Fire Storm;CLERIC_FIRE_STORM;null;7;30;false;Invoker
SPPR706;Symbol of Weakness;CLERIC_SYMBOL_FEAR;null;7;20;false;Conjurer
SPPR707;Sunray;CLERIC_SUNRAY;null;7;30;false;Invoker
SPPR708;Finger of Death;CLERIC_FINGER_OF_DEATH;null;7;null;false;Necromancer
SPPR709;Sphere of Chaos;CLERIC_CONFUSION;null;7;30;false;Enchanter
SPPR710;Holy Word;CLERIC_HOLY_WORD;null;7;30;false;Conjurer
SPPR711;Regeneration;CLERIC_REGENERATE;null;7;null;false;Necromancer
SPPR715;Unholy Word;CLERIC_UNHOLY_WORD;null;7;30;false;Conjurer
SPPR717;Creeping Doom;CLERIC_CREEPING_DOOM;null;7;30;false;Conjurer
SPPR718;Symbol of Stunning;null;null;7;20;false;Conjurer
SPPR719;Symbol of Death;null;null;7;20;false;Conjurer
SPPR720;Earthquake;CLERIC_EARTHQUAKE;null;7;30;true;Transmuter
SPPR721;Energy Blades;CLERIC_ENERGY_BLADES;null;7;null;false;Conjurer
SPPR722;Storm of Vengeance;CLERIC_STORM_OF_VENGEANCE;null;7;30;false;Unknown
SPPR723;Elemental Swarm;CLERIC_ELEMENTAL_SWARM;null;7;null;false;Conjurer
SPPR724;Elemental Prince Call;CLERIC_GREATER_ELEMENTAL_SWARM;null;7;null;false;Conjurer
SPPR725;Globe of Blades;CLERIC_GLOBE_OF_BLADES;null;7;null;false;Invoker
SPPR726;Summon Deva;CLERIC_SUMMON_DEVA;null;7;null;false;Conjurer
SPPR727;Summon Fallen Deva;CLERIC_SUMMON_FALLEN_DEVA;null;7;null;false;Conjurer
SPPR728;Implosion;CLERIC_IMPLOSION;null;7;null;false;Transmuter
SPPR730;Aura of Flaming Death;CLERIC_AURA_OF_FLAMING_DEATH;null;7;null;false;Invoker
SPPR731;Fire Elemental Transformation;CLERIC_ELEMENTAL_TRANSFORMATION_FIRE;null;1;null;false;Unknown
SPPR732;Earth Elemental Transformation;CLERIC_ELEMENTAL_TRANSFORMATION_EARTH;null;1;null;false;Unknown
SPRA301;Haste;null;null;3;null;false;Transmuter
SPRA302;Minor Spell Deflection;null;null;3;null;false;Abjurer
SPRA303;Protection from Missiles (ranger);null;null;3;null;false;Abjurer
SPRA304;Animal Summoning I;null;null;1;null;false;Conjurer
SPRA305;Animal Summoning II;null;null;2;null;false;Conjurer
SPRA306;Animal Summoning III;null;null;3;null;false;Conjurer
SPWI101;Grease;WIZARD_GREASE;null;1;10;true;Conjurer
SPWI102;Mage Armor;WIZARD_ARMOR;null;1;null;false;Conjurer
SPWI103;Burning Hands;WIZARD_BURNING_HANDS;null;1;10;false;Invoker
SPWI104;Charm Person;WIZARD_CHARM_PERSON;null;1;null;false;Enchanter
SPWI105;Color Spray;WIZARD_COLOR_SPRAY;null;1;15;false;Transmuter
SPWI106;Blindness;WIZARD_BLINDNESS;null;1;null;false;Necromancer
SPWI111;True Strike;WIZARD_INFRAVISION;null;1;null;false;Diviner
SPWI112;Magic Missile;WIZARD_MAGIC_MISSILE;null;1;null;false;Invoker
SPWI113;Protection from Evil;WIZARD_PROTECTION_FROM_EVIL;null;1;null;false;Abjurer
SPWI114;Shield;WIZARD_SHIELD;null;1;null;false;Invoker
SPWI115;Shocking Grasp;WIZARD_SHOCKING_GRASP;null;1;null;false;Invoker
SPWI116;Sleep;WIZARD_SLEEP;null;1;30;false;Enchanter
SPWI117;Chill Touch;WIZARD_CHILL_TOUCH;null;1;null;false;Necromancer
SPWI118;Chromatic Orb;WIZARD_CHROMATIC_ORB;null;1;null;false;Transmuter
SPDR101;Chromatic Orb;null;null;1;null;false;Transmuter
SPWI119;Larloch's Minor Drain;WIZARD_LARLOCH_MINOR_DRAIN;null;1;null;false;Necromancer
SPWI120;Reflected Image;WIZARD_REFLECTED_IMAGE;null;1;null;false;Illusionist
SPWI125;Spook;WIZARD_SPOOK;null;1;null;false;Illusionist
SPWI201;Blur;WIZARD_BLUR;null;2;null;false;Illusionist
SPWI203;Detect Invisibility;WIZARD_DETECT_INVISIBILITY;null;2;null;false;Diviner
SPWI205;Horror;WIZARD_HORROR;null;2;30;false;Necromancer
SPWI206;Invisibility;WIZARD_INVISIBILITY;null;2;null;false;Illusionist
SPWI207;Knock;WIZARD_KNOCK;null;2;null;false;Transmuter
SPWI208;Know Opponent;WIZARD_KNOW_ALIGNMENT;null;2;null;false;Diviner
SPWI209;Luck;WIZARD_LUCK;null;2;null;false;Enchanter
SPWI210;Resist Fear;WIZARD_RESIST_FEAR;null;2;null;false;Abjurer
SPWI211;Melf's Acid Arrow;WIZARD_MELF_ACID_ARROW;null;2;null;false;Conjurer
SPWI212;Mirror Image;WIZARD_MIRROR_IMAGE;null;2;null;false;Illusionist
SPWI213;Stinking Cloud;WIZARD_STINKING_CLOUD;null;2;30;true;Invoker
SPWI214;Strength;WIZARD_STRENGTH;null;2;null;false;Transmuter
SPWI215;Web;WIZARD_WEB;null;2;20;true;Invoker
SPDR201;Web;null;null;2;20;true;Invoker
SPWI217;Agannazar's Scorcher;WIZARD_AGANNAZAR_SCORCHER;null;2;null;false;Invoker
SPWI218;Ghoul Touch;WIZARD_GHOUL_TOUCH;null;2;null;false;Necromancer
SPWI219;Vocalize;WIZARD_VOCALIZE;null;2;null;false;Transmuter
SPWI220;Power Word Sleep;WIZARD_POWER_WORD_SLEEP;null;2;null;false;Enchanter
SPWI221;Ray of Enfeeblement;WIZARD_RAY_OF_ENFEEBLEMENT;null;2;null;false;Enchanter
SPWI222;Chaos Shield;null;null;2;null;false;Abjurer
SPWI223;Deafness;WIZARD_DEAFNESS;null;2;null;false;Necromancer
SPWI224;Glitterdust;WIZARD_GLITTERDUST;null;2;10;false;Conjurer
SPWI301;Clairvoyance;WIZARD_CLAIRVOYANCE;null;3;null;false;Diviner
SPWI302;Remove Magic;WIZARD_DISPEL_MAGIC;null;3;null;false;Abjurer
SPWI303;Flame Arrow;WIZARD_FLAME_ARROW;null;3;null;false;Conjurer
SPWI304;Fireball;WIZARD_FIREBALL;null;3;30;true;Invoker
SPWI305;Haste;WIZARD_HASTE;null;3;null;false;Transmuter
SPWI306;Hold Person;WIZARD_HOLD_PERSON;null;3;null;false;Enchanter
SPWI307;Invisibility Sphere;WIZARD_INVISIBILITY_10_FOOT;null;3;null;false;Illusionist
SPWI308;Lightning Bolt;WIZARD_LIGHTNING_BOLT;null;3;null;true;Invoker
SPDR301;Lightning Bolt;null;null;3;null;true;Invoker
SPWI309;Monster Summoning I;WIZARD_MONSTER_SUMMONING_1;null;3;null;false;Conjurer
SPWI310;Non-Detection;WIZARD_NON_DETECTION;null;3;null;false;Abjurer
SPWI311;Protection from Missiles;WIZARD_PROTECTION_FROM_NORMAL_MISSILES;null;3;null;false;Abjurer
SPWI312;Slow;WIZARD_SLOW;null;3;30;false;Transmuter
SPWI313;Skull Trap;WIZARD_SKULL_TRAP;null;3;20;true;Necromancer
SPWI314;Vampiric Touch;WIZARD_VAMPIRIC_TOUCH;null;3;null;false;Necromancer
SPWI316;Dire Charm;WIZARD_DIRE_CHARM;null;3;null;false;Enchanter
SPWI317;Ghost Armor;WIZARD_GHOST_ARMOR;null;3;null;false;Illusionist
SPWI318;Minor Spell Deflection;WIZARD_MINOR_SPELL_DEFLECTION;null;3;null;false;Abjurer
SPWI321;Spell Thrust;WIZARD_SPELL_THRUST;null;3;null;false;Abjurer
SPWI322;Detect Illusion;WIZARD_DETECT_ILLUSION;null;3;null;false;Diviner
SPWI325;Melf's Minute Meteors;WIZARD_MELF_METEOR;null;3;null;false;Invoker
SPWI326;Dispel Magic;WIZARD_TRUE_DISPEL_MAGIC;null;3;null;false;Abjurer
SPWI401;Confusion;WIZARD_CONFUSION;null;4;30;false;Enchanter
SPWI402;Dimension Door;WIZARD_DIMENSION_DOOR;null;4;null;false;Conjurer
SPWI403;Fire Shield Blue;WIZARD_FIRE_SHIELD_BLUE;null;4;null;false;Invoker
SPWI404;Ice Storm;WIZARD_ICE_STORM;null;4;30;true;Invoker
SPWI405;Improved Invisibility;WIZARD_IMPROVED_INVISIBILITY;null;4;null;false;Illusionist
SPDR401;Improved Invisibility;null;null;4;null;false;Illusionist
SPWI406;Minor Globe of Invulnerability;WIZARD_MINOR_GLOBE_OF_INVULNERABILITY;null;4;null;false;Abjurer
SPWI407;Monster Summoning II;WIZARD_MONSTER_SUMMONING_2;null;4;null;false;Conjurer
SPWI408;Stoneskin;WIZARD_STONE_SKIN;null;4;null;false;Transmuter
SPWI409;Contagion;WIZARD_CONTAGION;null;4;null;false;Necromancer
SPWI411;Emotion Despair;WIZARD_EMOTION_HOPELESSNESS;null;4;30;false;Enchanter
SPWI412;Greater Malison;WIZARD_GREATER_MALISON;null;4;30;false;Enchanter
SPWI413;Otiluke's Resilient Sphere;WIZARD_OTILUKES_RESILIENT_SPHERE;null;4;null;false;Transmuter
SPWI414;Spirit Armor;WIZARD_SPIRIT_ARMOR;null;4;null;false;Necromancer
SPWI415;Polymorph Other;WIZARD_POLYMORPH_OTHER;null;4;null;false;Transmuter
SPWI416;Polymorph Self;WIZARD_POLYMORPH_SELF;null;4;null;false;Transmuter
SPWI418;Fire Shield Red;WIZARD_FIRE_SHIELD_RED;null;4;null;false;Invoker
SPWI419;Secret Word;WIZARD_SECRET_WORD;null;4;null;false;Abjurer
SPWI420;Simbul's Spell Matrix;WIZARD_MINOR_SEQUENCER;null;4;null;false;Invoker
SPWI421;Teleport Field;WIZARD_TELEPORT_FIELD;null;4;30;false;Transmuter
SPWI423;Spider Spawn;WIZARD_SPIDER_SPAWN;null;4;null;false;Conjurer
SPWI424;Farsight;WIZARD_FAR_SIGHT;null;4;null;false;Diviner
SPWI493;Shapeshifts Flind;null;null;1;null;false;Unknown
SPWI494;Shapeshifts Ogre;null;null;1;null;false;Unknown
SPWI495;Shapeshifts Spider;null;null;1;null;false;Unknown
SPWI496;Shapeshifts Mustard Jelly;null;null;1;null;false;Unknown
SPWI497;Shapeshifts Brown Bear;null;null;1;null;false;Unknown
SPWI498;Shapeshifts Black Bear;null;null;1;null;false;Unknown
SPWI499;Shapeshifts Wolf;null;null;1;null;false;Unknown
SPWI501;Summon Shadow;WIZARD_ANIMATE_DEAD;null;5;null;false;Necromancer
SPWI502;Cloudkill;WIZARD_CLOUDKILL;null;5;30;true;Invoker
SPWI503;Cone of Cold;WIZARD_CONE_OF_COLD;null;5;30;false;Invoker
SPWI504;Monster Summoning III;WIZARD_MONSTER_SUMMONING_3;null;5;null;false;Conjurer
SPWI505;Shadow Door;WIZARD_SHADOW_DOOR;null;5;null;false;Illusionist
SPWI506;Domination;WIZARD_DOMINATION;null;5;null;false;Enchanter
SPWI507;Hold Monster;WIZARD_HOLD_MONSTER;null;5;null;false;Enchanter
SPWI508;Chaos;WIZARD_CHAOS;null;5;30;false;Enchanter
SPDR501;Chaos;null;null;5;30;false;Enchanter
SPWI509;Feeblemind;WIZARD_FEEBLEMIND;null;5;null;false;Enchanter
SPWI510;Spell Immunity;WIZARD_SPELL_IMMUNITY;null;5;null;false;Abjurer
SPWI511;Protection from Normal Weapons;WIZARD_PROTECTION_FROM_NORMAL_WEAPONS;null;5;null;false;Abjurer
SPWI512;Protection from Electricity;WIZARD_PROTECTION_FROM_ELECTRICITY;null;5;null;false;Abjurer
SPWI513;Breach;WIZARD_BREACH;null;5;null;false;Abjurer
SPWI515;Oracle;WIZARD_ORACLE;null;5;null;false;Diviner
SPWI516;Conjure Lesser Fire Elemental;WIZARD_CONJURE_LESSER_FIRE_ELEMENTAL;null;5;null;false;Conjurer
SPWI517;Protection from Acid;WIZARD_PROTECTION_FROM_ACID;null;5;null;false;Abjurer
SPWI518;Phantom Blade;WIZARD_PHANTOM_BLADE;null;5;null;false;Illusionist
SPWI519;Wizard Spell Shield;WIZARD_SPELL_SHIELD;null;5;null;false;Abjurer
SPWI520;Conjure Lesser Air Elemental;WIZARD_CONJURE_LESSER_AIR_ELEMENTAL;null;5;null;false;Conjurer
SPWI521;Conjure Lesser Earth Elemental;WIZARD_CONJURE_LESSER_EARTH_ELEMENTAL;null;5;null;false;Conjurer
SPWI522;Minor Spell Turning;WIZARD_MINOR_SPELL_TURNING;null;5;null;false;Abjurer
SPWI523;Sunfire;WIZARD_SUN_FIRE;null;5;5;false;Invoker
SPWI524;Protection from Fire;null;null;5;null;false;Abjurer
SPWI525;Protection from Cold;null;null;5;null;false;Abjurer
SPWI590;Immunity: Abjuration;WIZARD_SPELL_IMMUNITY_ABJURATION;null;5;null;false;Abjurer
SPWI591;Immunity: Conjuration;WIZARD_SPELL_IMMUNITY_CONJURATION;null;5;null;false;Abjurer
SPWI592;Immunity: Divination;WIZARD_SPELL_IMMUNITY_DIVINATION;null;5;null;false;Abjurer
SPWI593;Immunity: Enchantment;WIZARD_SPELL_IMMUNITY_ENCHANTMENT;null;5;null;false;Abjurer
SPWI594;Immunity: Illusion;WIZARD_SPELL_IMMUNITY_ILLUSIONIST;null;5;null;false;Abjurer
SPWI595;Immunity: Evocation;WIZARD_SPELL_IMMUNITY_INVOCATION;null;5;null;false;Abjurer
SPWI596;Immunity: Necromancy;WIZARD_SPELL_IMMUNITY_NECROMANCY;null;5;null;false;Abjurer
SPWI597;Immunity: Alteration;WIZARD_SPELL_IMMUNITY_ALTERATION;null;5;null;false;Abjurer
SPWI601;Invisible Stalker;WIZARD_INVISIBLE_STALKER;null;6;null;false;Conjurer
SPWI602;Globe of Invulnerability;WIZARD_GLOBE_OF_INVULNERABILITY;null;6;null;false;Abjurer
SPWI603;Tenser's Transformation;WIZARD_TENSERS_TRANSFORMATION;null;6;null;false;Transmuter
SPWI604;Flesh to Stone;WIZARD_FLESH_TO_STONE;null;6;null;false;Transmuter
SPWI605;Death Spell;WIZARD_DEATH_SPELL;null;6;30;false;Necromancer
SPWI606;Protection from Magic Energy;WIZARD_PROTECTION_FROM_MAGIC_ENERGY;null;6;null;false;Abjurer
SPWI607;Mislead;WIZARD_MISLEAD;null;6;null;false;Illusionist
SPWI608;Pierce Magic;WIZARD_PIERCE_MAGIC;null;6;null;false;Abjurer
SPWI609;True Seeing;WIZARD_TRUE_SIGHT;null;6;null;false;Diviner
SPWI611;Protection from Magical Weapons;WIZARD_PROTECTION_FROM_MAGIC_WEAPONS;null;6;null;false;Abjurer
SPWI612;Power Word Silence;WIZARD_POWER_WORD_SILENCE;null;6;null;false;Enchanter
SPWI613;Improved Haste;WIZARD_IMPROVED_HASTE;null;6;null;false;Transmuter
SPWI614;Acid Fog;WIZARD_DEATH_FOG;null;6;30;true;Invoker
SPWI615;Chain Lightning;WIZARD_CHAIN_LIGHTNING;null;6;30;false;Invoker
SPDR601;Chain Lightning;null;null;6;30;false;Invoker
SPWI616;Disintegrate;WIZARD_DISINTEGRATE;null;6;null;false;Transmuter
SPWI617;Contingency;WIZARD_CONTINGENCY;null;6;null;false;Invoker
SPWI618;Spell Deflection;WIZARD_SPELL_DEFLECTION;null;6;null;false;Abjurer
SPWI619;Wyvern Call;WIZARD_WYVERN_CALL;null;6;null;false;Conjurer
SPWI620;Conjure Fire Elemental;WIZARD_CONJURE_FIRE_ELEMENTAL;null;6;null;false;Conjurer
SPWI621;Conjure Air Elemental;WIZARD_CONJURE_AIR_ELEMENTAL;null;6;null;false;Conjurer
SPWI622;Conjure Earth Elemental;WIZARD_CONJURE_EARTH_ELEMENTAL;null;6;null;false;Conjurer
SPWI623;Create Undead;WIZARD_CARRION;null;6;null;false;Necromancer
SPWI624;Summon Nishruu;WIZARD_SUMMON_NISHRUU;null;6;null;false;Conjurer
SPWI701;Spell Turning;WIZARD_SPELL_TURNING;null;7;null;false;Abjurer
SPWI702;Protection from the Elements;WIZARD_PROTECTION_FROM_THE_ELEMENTS;null;7;null;false;Abjurer
SPWI703;Project Image;WIZARD_PROJECT_IMAGE;null;7;null;false;Illusionist
SPWI704;Ruby Ray of Reversal;WIZARD_RUBY_RAY_OF_REVERSAL;null;7;null;false;Transmuter
SPWI705;Khelben's Warding Whip;WIZARD_WARDING_WHIP;null;7;null;false;Abjurer
SPWI707;Summon Death Knight;WIZARD_CACOFIEND;null;7;null;false;Necromancer
SPWI708;Mantle;WIZARD_MANTLE;null;7;null;false;Abjurer
SPWI710;Simbul's Spell Sequencer;WIZARD_SPELL_SEQUENCER;null;7;null;false;Invoker
SPWI711;Sphere of Chaos;WIZARD_SPHERE_OF_CHAOS;null;7;30;false;Unknown
SPWI712;Delayed Blast Fireball;WIZARD_DELAYED_BLAST_FIREBALL;null;7;30;true;Invoker
SPWI713;Finger of Death;WIZARD_FINGER_OF_DEATH;null;7;null;false;Necromancer
SPWI714;Prismatic Spray;WIZARD_PRISMATIC_SPRAY;null;7;15;false;Transmuter
SPWI715;Power Word Stun;WIZARD_POWER_WORD_STUN;null;7;null;false;Enchanter
SPWI716;Mordenkainen's Sword;WIZARD_MORDENKAINENS_SWORD;null;7;null;false;Invoker
SPWI717;Summon Efreeti;WIZARD_SUMMON_EFREET;null;7;null;false;Conjurer
SPWI718;Summon Djinni;WIZARD_SUMMON_DJINNI;null;7;null;false;Conjurer
SPWI719;Summon Hakeashar;WIZARD_SUMMON_HAKEASHAR;null;7;null;false;Conjurer
SPWI720;Control Undead;WIZARD_CONTROL_UNDEAD;null;7;null;false;Necromancer
SPWI721;Mass Invisibility;WIZARD_MASS_INVISIBILITY;null;7;null;false;Enchanter
SPWI723;Improved Chaos Shield;null;null;7;null;false;Abjurer
SPWI801;Ghostform;null;null;8;null;false;Transmuter
SPWI802;Spell Shield;null;null;8;null;false;Abjurer
SPWI803;Protection from Energy;WIZARD_PROTECTION_FROM_ENERGY;null;8;null;false;Abjurer
SPWI804;Simulacrum;WIZARD_SIMULACRUM;null;8;null;false;Illusionist
SPWI805;Pierce Shield;WIZARD_PIERCE_SHIELD;null;8;null;false;Abjurer
SPWI807;Summon Fiend;WIZARD_SUMMON_FIEND;null;8;null;false;Conjurer
SPWI808;Improved Mantle;WIZARD_IMPROVED_MANTLE;null;8;null;false;Abjurer
SPWI809;Simbul's Spell Trigger;WIZARD_SPELL_TRIGGER;null;8;null;false;Invoker
SPWI810;Incendiary Cloud;WIZARD_INCENDIARY_CLOUD;null;8;30;true;Invoker
SPWI811;Symbol of Weakness;WIZARD_SYMBOL_FEAR;null;8;15;false;Conjurer
SPWI812;Abi-Dalzim's Horrid Wilting;WIZARD_ABI_DALZIMS_HORRID_WILTING;null;8;30;false;Necromancer
SPWI813;Maze;WIZARD_MAZE;null;8;null;false;Conjurer
SPWI815;Power Word Blind;WIZARD_POWER_WORD_BLIND;null;8;null;false;Enchanter
SPWI816;Symbol of Stunning;WIZARD_SYMBOL_STUN;null;8;15;false;Conjurer
SPWI817;Symbol of Death;WIZARD_SYMBOL_DEATH;null;8;15;false;Conjurer
SPWI818;Bigby's Clenched Fist;WIZARD_BIGBYS_CLENCHED_FIST;null;8;null;false;Invoker
SPWI902;Spell Trap;WIZARD_SPELL_TRAP;null;9;null;false;Abjurer
SPWI903;Spellstrike;WIZARD_SPELL_STRIKE;null;9;null;false;Abjurer
SPWI905;Gate;WIZARD_GATE;null;9;null;false;Conjurer
SPWI907;Absolute Immunity;WIZARD_ABSOLUTE_IMMUNITY;null;9;null;false;Abjurer
SPWI908;Chain Contingency;WIZARD_CHAIN_CONTINGENCY;null;9;null;false;Invoker
SPWI909;Time Stop;WIZARD_TIME_STOP;null;9;null;false;Transmuter
SPWI910;Imprisonment;WIZARD_IMPRISONMENT;null;9;null;false;Abjurer
SPWI911;Meteor Swarm;WIZARD_METEOR_SWARM;null;9;30;true;Invoker
SPWI912;Power Word Kill;WIZARD_POWER_WORD_KILL;null;9;null;false;Enchanter
SPWI913;Wail of the Banshee;WIZARD_WAIL_OF_THE_BANSHEE;null;9;30;false;Necromancer
SPWI914;Energy Drain;WIZARD_ENERGY_DRAIN;null;9;null;false;Necromancer
SPWI915;Black Blade of Disaster;WIZARD_BLACK_BLADE_OF_DISASTER;null;9;null;false;Invoker
SPWI916;Shapechange;WIZARD_SHAPECHANGE;null;9;null;false;Transmuter
SPWI917;Freedom;WIZARD_FREEDOM;null;9;null;false;Abjurer
SPWI918;Bigby's Crushing Hand;WIZARD_BIGBYS_CRUSHING_HAND;null;9;null;false;Invoker
SPWI920;Energy Blades;WIZARD_ENERGY_BLADES;null;9;null;false;Invoker
SPWI921;Improved Alacrity;WIZARD_IMPROVED_ALUCRITY;null;9;null;false;Transmuter
SPWI922;Dragon's Breath;WIZARD_DRAGONS_BREATH;null;9;30;false;Invoker
SPWI923;Summon Planetar;WIZARD_SUMMON_PLANATAR_GOOD;null;9;null;false;Unknown
SPWI924;Summon Dark Planetar;WIZARD_SUMMON_PLANATAR_EVIL;null;9;null;false;Unknown
SPWI925;Comet;WIZARD_COMET;null;9;30;false;Conjurer
SPWI927;Ethereal;SUCCUBUS_ETHEREAL;null;0;null;false;Unknown
SPWI928;Energy Drain;SUCCUBUS_ENERGY_DRAIN;null;0;null;false;Unknown
SPWI929;Charm Person;SUCCUBUS_CHARM_FEMALE;null;0;null;false;Unknown
SPWI930;Charm Person;SUCCUBUS_CHARM_MALE;null;0;null;false;Unknown
SPWI931;Teleport Without Error;SUCCUBUS_TELEPORT;null;4;null;false;Unknown
SPWI943;Dire Charm;SIRINE_DIRE_CHARM;null;3;null;false;Unknown
SPWI952;Selune's Blade;DRADEEL_FLAMEBLADE;null;5;null;false;Unknown
SPWI953;Selune's Curse;DRADEEL_BLUE_FIREBALL;null;8;5;true;Unknown
SPWI954;Selune's Blessing;DRADEEL_MINOR_GLOBE;null;8;null;false;Unknown
SPWI955;Symbol of Pain;null;null;1;null;false;Unknown
SPWI971;Shapechange Earth Elemental;null;null;1;null;false;Unknown
SPWI972;Shapechange Fire Elemental;null;null;1;null;false;Unknown
SPWI973;Shapechange Iron Golem;null;null;1;null;false;Unknown
SPWI974;Shapechange Mind Flayer;null;null;1;null;false;Unknown
SPWI975;Shapechange Spirit Troll;null;null;1;null;false;Unknown
SPWI976;Shapechange Greater Wolfwere;null;null;1;null;false;Unknown
SPWI977;Shapeshifts Natural Form;null;null;1;null;false;Unknown
SPWI978;Shapeshifts Natural Form;null;null;1;null;false;Unknown
SPWI994;Phase Spider Dimension Door;PHASE_SPIDER_TELEPORT;null;4;null;false;Unknown
SPWI995;Dryad Dimension Door;DRYAD_TELEPORT;null;4;null;false;Unknown
ikdb1;null;null;null;1;null;false;null
